site,site_label,wildtype,condition,protein_chain,protein_site,site_mean
2,pos2,A,Crei,A,,18924.80 
3,pos3,G,Crei,A,17,16692.76 
4,pos4,L,Crei,A,18,18216.71 
5,pos5,R,Crei,A,19,19761.34 
6,pos6,H,Crei,A,20,19948.74 
7,pos7,T,Crei,A,21,17564.00 
8,pos8,F,Crei,A,22,16269.99 
9,pos9,V,Crei,A,23,10176.20 
10,pos10,V,Crei,A,24,11812.34 
11,pos11,A,Crei,A,25,7967.11 
12,pos12,D,Crei,A,26,7670.42 
13,pos13,A,Crei,A,27,17878.39 
14,pos14,T,Crei,A,28,18170.06 
15,pos15,L,Crei,A,29,18659.67 
16,pos16,P,Crei,A,30,18603.36 
17,pos17,D,Crei,A,31,15373.51 
18,pos18,C,Crei,A,32,18358.24 
19,pos19,P,Crei,A,33,11479.05 
20,pos20,L,Crei,A,34,8399.99 
21,pos21,V,Crei,A,35,14970.30 
22,pos22,Y,Crei,A,36,15194.05 
23,pos23,A,Crei,A,37,11544.22 
24,pos24,S,Crei,A,38,13960.54 
25,pos25,E,Crei,A,39,18306.12 
26,pos26,G,Crei,A,40,18454.74 
27,pos27,F,Crei,A,41,7383.46 
28,pos28,Y,Crei,A,42,16690.63 
29,pos29,A,Crei,A,43,21453.88 
30,pos30,M,Crei,A,44,15172.77 
31,pos31,T,Crei,A,45,11500.73 
32,pos32,G,Crei,A,46,13218.34 
33,pos33,Y,Crei,A,47,9963.42 
34,pos34,G,Crei,A,48,19226.96 
35,pos35,P,Crei,A,49,18545.97 
36,pos36,D,Crei,A,50,18092.79 
37,pos37,E,Crei,A,51,15368.95 
38,pos38,V,Crei,A,52,13570.41 
39,pos39,L,Crei,A,53,15646.59 
40,pos40,G,Crei,A,54,17738.21 
41,pos41,H,Crei,A,55,19669.45 
42,pos42,N,Crei,A,56,8520.79 
43,pos43,A,Crei,A,57,10043.94 
44,pos44,R,Crei,A,58,14541.76 
45,pos45,F,Crei,A,59,14469.08 
46,pos46,L,Crei,A,60,6929.08 
47,pos47,Q,Crei,A,61,17220.20 
48,pos48,G,Crei,A,62,10304.79 
49,pos49,E,Crei,A,63,18129.16 
50,pos50,G,Crei,A,64,16892.52 
51,pos51,T,Crei,A,65,9080.22 
52,pos52,D,Crei,A,66,15676.01 
53,pos53,P,Crei,A,67,18676.69 
54,pos54,K,Crei,A,68,17321.23 
55,pos55,E,Crei,A,69,19676.32 
56,pos56,V,Crei,A,70,15702.59 
57,pos57,Q,Crei,A,71,18887.83 
58,pos58,K,Crei,A,72,17444.74 
59,pos59,I,Crei,A,73,10509.50 
60,pos60,R,Crei,A,74,19988.10 
61,pos61,D,Crei,A,75,18945.25 
62,pos62,A,Crei,A,76,15360.12 
63,pos63,I,Crei,A,77,15666.31 
64,pos64,K,Crei,A,78,17510.99 
65,pos65,K,Crei,A,79,17608.20 
66,pos66,G,Crei,A,80,18160.30 
67,pos67,E,Crei,A,81,20714.71 
68,pos68,A,Crei,A,82,18814.88 
69,pos69,C,Crei,A,83,16908.47 
70,pos70,S,Crei,A,84,18888.75 
71,pos71,V,Crei,A,85,16416.32 
72,pos72,R,Crei,A,86,17781.99 
73,pos73,L,Crei,A,87,9455.06 
74,pos74,L,Crei,A,88,16219.44 
75,pos75,N,Crei,A,89,2857.62 
76,pos76,Y,Crei,A,90,14084.54 
77,pos77,R,Crei,A,91,15124.40 
78,pos78,K,Crei,A,92,13590.59 
79,pos79,D,Crei,A,93,16420.85 
80,pos80,G,Crei,A,94,16918.79 
81,pos81,T,Crei,A,95,18310.42 
82,pos82,P,Crei,A,96,19089.82 
83,pos83,F,Crei,A,97,6237.02 
84,pos84,W,Crei,A,98,17756.51 
85,pos85,N,Crei,A,99,12056.73 
86,pos86,L,Crei,A,100,18235.08 
87,pos87,L,Crei,A,101,8741.31 
88,pos88,T,Crei,A,102,15724.36 
89,pos89,V,Crei,A,103,10822.81 
90,pos90,T,Crei,A,104,17253.04 
91,pos91,P,Crei,A,105,8909.74 
92,pos92,I,Crei,A,106,14846.41 
93,pos93,K,Crei,A,107,17610.81 
94,pos94,T,Crei,A,108,17324.15 
95,pos95,P,Crei,A,109,17517.61 
96,pos96,D,Crei,A,110,16620.34 
97,pos97,G,Crei,A,111,13960.76 
98,pos98,R,Crei,A,112,17751.84 
99,pos99,V,Crei,A,113,15773.53 
100,pos100,S,Crei,A,114,17625.53 
101,pos101,K,Crei,A,115,16960.99 
102,pos102,F,Crei,A,116,11754.51 
103,pos103,V,Crei,A,117,14063.65 
104,pos104,G,Crei,A,118,3853.24 
105,pos105,V,Crei,A,119,16369.92 
106,pos106,Q,Crei,A,120,11079.70 
107,pos107,V,Crei,A,121,15878.05 
108,pos108,D,Crei,A,122,17070.52 
109,pos109,V,Crei,A,123,17817.28 
110,pos110,T,Crei,A,124,17537.29 
111,pos111,S,Crei,A,125,18845.66 
112,pos112,K,Crei,A,,19786.89 
113,pos113,T,Crei,A,,19307.72 
114,pos114,E,Crei,A,,19037.54 
115,pos115,G,Crei,A,,19568.43 
116,pos116,K,Crei,A,,19737.71 
117,pos117,A,Crei,A,,18473.20 
118,pos118,L,Crei,A,,18584.58 
119,pos119,A,Crei,A,,18349.70 
